<?xml version="1.0" encoding="utf-8"?>
<ModuleInfo xmlns:xsd="http://www.w3.org/2001/XMLSchema" xmlns:xsi="http://www.w3.org/2001/XMLSchema-instance">
  <ModulePN>MOD01?????00??????</ModulePN>
  <Creator PN="01" Name="Acer-HQ1" />
  <Type PN="" Name="Drivers" />
  <Module PN="" Name="Acer Airplane Mode Acer Airplane Mode Controller" Alias="" GUID="" Serial="Acer Airplane Mode Controller" Provider="Acer" Class="Airplane Mode" />
  <WOS PN="61" Sku="W10 All" CPU="X64" />
  <Lang>All language</Lang>
  <ModuleVersion>v1.0.0.5</ModuleVersion>
  <DriverVersion>v1.0.0.5</DriverVersion>
  <OptionVersion>Install.cmd</OptionVersion>
  <ProjectCodeName>NULL</ProjectCodeName>
  <OdmName>NBCOM</OdmName>
  <ModuleTimeout>30</ModuleTimeout>
  <InstallPreiod>UserAlaunch</InstallPreiod>
  <Reboot>False</Reboot>
  <Delete>False</Delete>
  <ReinstallProcessList>
    <Process Country="" OS-Language="" OS-Sku="" Check="" Timeout="0" RetCode="-" Params="" Exec="%RELATIVE_PATH%\Install.cmd" Order="00" Period="" />
  </ReinstallProcessList>
  <AutoRun>True</AutoRun>
  <InstallPath />
  <Description />
  <ProcessList>
    <Process Country="" OS-Language="" OS-Sku="" Check="False" Timeout="30" RetCode="-" Params="" Exec="%RELATIVE_PATH%\Install.cmd" Order="00" Period="" />
  </ProcessList>
  <RegItemList />
  <ModuleProperty>RCD,STCD,RSCD</ModuleProperty>
  <HWIDs>ACPI\VEN_1025&amp;DEV_1229</HWIDs>
  <AutoCheckHWID>True</AutoCheckHWID>
  <CheckRemove>True</CheckRemove>
  <MVPKernelVersion>2.0.6.4</MVPKernelVersion>
  <MVPUIVersion>2.0.8.1</MVPUIVersion>
  <LOB>Notebook</LOB>
</ModuleInfo>